<?xml version="1.0" ?>

<container xmlns="http://symfony.com/schema/dic/services"
    xmlns:xsi="http://www.w3.org/2001/XMLSchema-instance"
    xsi:schemaLocation="http://symfony.com/schema/dic/services http://symfony.com/schema/dic/services/services-1.0.xsd">

    <parameters>
        <parameter key="form.type.ckeditor.class">Caravane\CKEditorBundle\Form\Type\CKEditorType</parameter>
        <parameter key="caravane_ck_editor.config_manager.class">Caravane\CKEditorBundle\Model\ConfigManager</parameter>
    </parameters>

    <services>
        <service id="form.type.ckeditor" class="%form.type.ckeditor.class%">
            <argument type="service" id="caravane_ck_editor.config_manager" />
            <tag name="form.type" alias="ckeditor" />
        </service>

        <service id="caravane_ck_editor.config_manager" class="%caravane_ck_editor.config_manager.class%" />
    </services>
</container>
